<?xml version="1.0" encoding="utf-8" standalone="no"?>
<vehicle type="pickupConveyor">
    <annotation>Copyright (C), chrisu70</annotation>
    <storeData>
        <name>
		<de>Fräse</de>
        <en>Milling Machine</en>
		</name>
        <specs>
            <neededPower>95</neededPower>
            <workingWidth>3.0</workingWidth>
        </specs>
        <functions>
            <function>$l10n_function_fraese</function>
        </functions>
        <image>store.dds</image>
        <price>5000</price>
        <lifetime>600</lifetime>
        <rotation>0</rotation>
        <brand>LIZARD</brand>
        <category>misc</category>
		<shopTranslationOffset>0 0 0</shopTranslationOffset>
        <shopRotationOffset>0 0 0</shopRotationOffset>
        <vertexBufferMemoryUsage>1303056</vertexBufferMemoryUsage>
        <indexBufferMemoryUsage>189330</indexBufferMemoryUsage>
        <textureMemoryUsage>5592496</textureMemoryUsage>
        <instanceVertexBufferMemoryUsage>0</instanceVertexBufferMemoryUsage>
        <instanceIndexBufferMemoryUsage>0</instanceIndexBufferMemoryUsage>
    </storeData>
    <base>
        <typeDesc>$l10n_typeDesc_fräse</typeDesc>
        <filename>Fraese.i3d</filename>
        <size width="3" length="8" lengthOffset="0"/>
        <speedLimit value="10"/>
        <components>
            <component centerOfMass="0 0 -0.35" solverIterationCount="8" mass="1045"/>
        </components>
        <schemaOverlay attacherJointPosition="0 0">
            <default name="DEFAULT_IMPLEMENT"/>
            <turnedOn name="DEFAULT_IMPLEMENT_ON"/>
            <selected name="DEFAULT_IMPLEMENT_SELECTED"/>
            <turnedOnSelected name="DEFAULT_IMPLEMENT_SELECTED_ON"/>
        </schemaOverlay>
    </base>
    <attachable>
        <inputAttacherJoints>
            <inputAttacherJoint node="attacherJoint" jointType="implement" topReferenceNode="0>1" upperRotationOffset="5" lowerRotationOffset="0">
                <distanceToGround lower="0.35" upper="0.85"/>
            </inputAttacherJoint>
        </inputAttacherJoints>
        <support animationName="moveSupport"/>
    </attachable>
	 <powerTakeOffs>
        <input inputAttacherJointIndices="1" inputNode="pto" aboveAttacher="false" />
    </powerTakeOffs>
    <powerConsumer ptoRpm="500" neededMaxPtoPower="50"/>
	<lights>
        <sharedLight linkNode="Scheinwerferpipe"    filename="$data/shared/assets/lights/lizard/workingLightOval_02.xml"/>
        <sharedLight linkNode="Scheinwerfer_1"  filename="$data/shared/assets/lights/lizard/workingLightOval_02.xml"/>
        <sharedLight linkNode="Scheinwerfer_2"   filename="$data/shared/assets/lights/lizard/workingLightOval_02.xml"/>
		<realLights>
             <low>
                <light node="workLightPipeLow"    lightTypes="1"/>
                <light node="WorkLightLow"   lightTypes="1"/>
            </low>
            <high>
                <light node="workLightPipeHigh"    lightTypes="1"/>
                <light node="workLightHigh"   lightTypes="1"/>
            </high>
        </realLights>
	</lights>
    <foldable>
        <foldingParts startMoveDirection="1" foldMiddleAnimTime="0.0833" turnOnFoldMinLimit="0" turnOnFoldMaxLimit="0.835" loadMovingToolStatesMaxLimit="0.0833" loadMovingToolStatesMinLimit="0">
            <foldingPart animationName="Fraese" speedScale="1.1"/>
        </foldingParts>
    </foldable>
    <animations>
        <animation name="moveSupport">
            <part node="0>4" startTime="0" endTime="1" startTrans="0 0.217 0" endTrans="0 0 0"/>
        </animation>
        <animation name="Fraese">
            <part node="0>3|0" startTime="0" duration="1" startTrans="0 0 0.407" endTrans="0 0 0.307"/>
        </animation>
    </animations>
    <cylindered>
        <movingTools>
            <movingTool node="0>4"/>
            <movingTool node="0>3|0"/>
            <movingTool node="0>3|5"/>
            <movingTool node="0>3|5|0"/>
            <movingTool node="0>3|5|0|0|0"/>
        </movingTools>
        <sounds>
            <hydraulic template="DEFAULT_HYDRAULIC_SOUND" linkNode="0>"/>
        </sounds>
    </cylindered>
	<fillVolumes>
        <dischargeInfos>
            <dischargeInfo>
                <node node="pipeRaycastNode" width="0.4" length="0.4"/>
            </dischargeInfo>
        </dischargeInfos>
    </fillVolumes>
 	<fillUnit>
        <fillUnitConfigurations>
            <fillUnitConfiguration>
                <fillUnits>
                    <fillUnit unit="$l10n_unit_literShort" showOnHud="true" fillTypeCategories="bulk" capacity="100" showCapacityInShop="false"/>
                </fillUnits>
            </fillUnitConfiguration>
        </fillUnitConfigurations>
    </fillUnit>
	<shovel>
        <shovelNode node="PickUpNode" fillUnitIndex="1" width="2.8" length="0.5" yOffset="-0.3" needsMovement="false" needsActivation="true" fillLitersPerSecond="1000"/>
    </shovel>
	<dischargeable>
        <dischargeNode node="pipeRaycastNode" emptySpeed="1000" fillUnitIndex="1" maxDistance="32" stopDischargeOnEmpty="false">
            <info width="0.4" length="0.4" useRaycastHitPosition="true"/>

            <effects>
				<effectNode                         	effectNode="grainNorm"  	delay="0"    materialType="unloading" materialTypeId="1" fadeScale="0"/>
				<effectNode                         	effectNode="grainNorm1"  	delay="0"    materialType="unloading" materialTypeId="1" fadeScale="0"/>
				<effectNode                         	effectNode="grainNorm2"  	delay="0"    materialType="unloading" materialTypeId="1" fadeScale="0"/>
                <effectNode 							effectNode="smokeNorm" 				materialType="smoke" materialTypeId="1" fadeTime="0.5" />
				
				<effectNode                          	effectNode="pipeEffect_1"  delay="0.1"  materialType="unloading" materialTypeId="1" fadeScale="0"/>
             	<effectNode effectClass="PipeEffect" 	effectNode="pipeEffect"  delay="0.12" materialType="pipe"      materialTypeId="1" maxBending="0.15" shapeScaleSpread="1.03 0.96 1 0"/>
            </effects>
        </dischargeNode>
    </dischargeable>
	<pipe>
        <unloadingTriggers>
            <unloadingTrigger node="trailerTrigger_0"/>
            <unloadingTrigger node="trailerTrigger_1"/>
            <unloadingTrigger node="trailerTrigger_2"/>
        </unloadingTriggers>
        <pipeNodes>
            <pipeNode node="pipeBase" rotationSpeeds="40 40 40" autoAimYRotation="true" autoAimInvertZ="false">
                <state1 rotation="0 0 0"/>
                <state2 rotation="0 180 0"/>
            </pipeNode>
            <pipeNode node="pipeRot" rotationSpeeds="40 0 0">
                <state1 rotation="-4 0 0"/>
                <state2 rotation="-77 0 0"/>
            </pipeNode>
            <pipeNode node="RaycastPipe" rotationSpeeds="80 40 40" autoAimXRotation="true">
                <state1 rotation="20 0 0"/>
                <state2 rotation="175 0 0"/>
            </pipeNode>
        </pipeNodes>
        <states num="2" unloading="2" autoAiming="2" turnOnAllowed="2"/>
    </pipe>
    <turnOnVehicle turnOffIfNotAllowed="true">
        <sounds>
            <start file="sound/start.ogg">
                <volume indoor="0.55" outdoor="1.00"/>
                <pitch outdoor="1.00"/>
                <lowpassGain indoor="0.75"/>
            </start>
            <work file="sound/loop.ogg">
                <volume indoor="0.55" outdoor="1.00"/>
                <pitch outdoor="1.00"/>
                <lowpassGain indoor="0.75"/>
            </work>
            <stop file="sound/stop.ogg">
                <volume indoor="0.55" outdoor="1.00"/>
                <pitch outdoor="1.00"/>
                <lowpassGain indoor="0.75"/>
            </stop>
        </sounds>
		<animationNodes>
            <animationNode node="Rechte_Walze" rotSpeed="1200" rotAxis="2" turnOnFadeTime="1" turnOffFadeTime="3"/>
            <animationNode node="Linke_Walze" rotSpeed="-1200" rotAxis="2" turnOnFadeTime="1" turnOffFadeTime="3"/>
            <animationNode node="Sammelwalze" rotSpeed="-1200" rotAxis="2" turnOnFadeTime="3" turnOffFadeTime="3"/>
            <animationNode node="WalzeOben" rotSpeed="1200" rotAxis="2" turnOnFadeTime="3" turnOffFadeTime="3"/>
            <animationNode node="WalzeUnten" rotSpeed="-1200" rotAxis="2" turnOnFadeTime="3" turnOffFadeTime="3"/>
        </animationNodes>
    </turnOnVehicle>
	
	<baseMaterialConfigurations  useDefaultColors="true" defaultColorIndex="0">>
    	<baseMaterialConfiguration name="$l10n_configuration_FRAESE" color="0.0789 0.2390 0.0830 0" material="0"/>
        <material name="fraese_mat" shaderParameter="colorMat0" />
	</baseMaterialConfigurations>
	
	<baseMaterial>
        <material name="fraese_mat" baseNode="Body">
            <shaderParameter name="colorMat0" value="0.0789 0.2390 0.0830 0"/>
			<shaderParameter name="colorMat1" value="0.05 0.05 0.05 0"/>
        </material>
    </baseMaterial>
	<designMaterialConfigurations  price="100" useDefaultColors="true">
        <designMaterialConfiguration name="$l10n_configuration_WALZEN" color="0.11 0.11 0.11 0" material="0"/>
        <material name="fraese_mat" shaderParameter="colorMat1"/>
	</designMaterialConfigurations>
	
	<wearable wearDuration="480" workMultiplier="5" fieldMultiplier="2"/>
    <washable dirtDuration="90" washDuration="1" workMultiplier="6" fieldMultiplier="2"/>
	<i3dMappings>
		<i3dMapping id="Fraese" node="0>" />
		<i3dMapping id="attacherJoint" node="0>0" />
		<i3dMapping id="topReference" node="0>1" />
		<i3dMapping id="tipReferenceNode" node="0>2" />
		<i3dMapping id="Body" node="0>3" />
		<i3dMapping id="Seitl_Fraes" node="0>3|0" />
		<i3dMapping id="Rechte_Walze" node="0>3|0|0" />
		<i3dMapping id="Rechte_Walze_vis" node="0>3|0|0|0" />
		<i3dMapping id="Linke_Walze" node="0>3|0|1" />
		<i3dMapping id="Linke_Walze_vis" node="0>3|0|1|0" />
		<i3dMapping id="grainNorm1" node="0>3|0|2" />
		<i3dMapping id="grainNorm2" node="0>3|0|3" />
		<i3dMapping id="Sammelwalze" node="0>3|1" />
		<i3dMapping id="Sammelwalze_vis" node="0>3|1|0" />
		<i3dMapping id="WalzeOben" node="0>3|2" />
		<i3dMapping id="WalzeOben_vis" node="0>3|2|0" />
		<i3dMapping id="WalzeUnten" node="0>3|3" />
		<i3dMapping id="WalzeUnten_vis" node="0>3|3|0" />
		<i3dMapping id="Auswurf" node="0>3|4" />
		<i3dMapping id="AuswurfWalze" node="0>3|4|0" />
		<i3dMapping id="pipeBase" node="0>3|5" />
		<i3dMapping id="Drehteller" node="0>3|5|0" />
		<i3dMapping id="pipeRot" node="0>3|5|0|0" />
		<i3dMapping id="Pipe_vis" node="0>3|5|0|0|0" />
		<i3dMapping id="RaycastPipe" node="0>3|5|0|0|0|0" />
		<i3dMapping id="PipeKlappe" node="0>3|5|0|0|0|0|0" />
		<i3dMapping id="Scheinwerferpipe" node="0>3|5|0|0|0|0|0|0" />
		<i3dMapping id="workLightPipeLow" node="0>3|5|0|0|0|0|0|0|0" />
		<i3dMapping id="workLightPipeHigh" node="0>3|5|0|0|0|0|0|0|1" />
		<i3dMapping id="pipeEnd" node="0>3|5|0|0|0|0|1" />
		<i3dMapping id="pipeEndArmRef" node="0>3|5|0|0|0|0|1|0" />
		<i3dMapping id="pipeRaycastNode" node="0>3|5|0|0|0|0|1|1" />
		<i3dMapping id="fillVolumeDischargeNode" node="0>3|5|0|0|0|0|1|2" />
		<i3dMapping id="pipeEffect" node="0>3|5|0|0|0|0|1|3" />
		<i3dMapping id="pipeEffect_1" node="0>3|5|0|0|0|1" />
		<i3dMapping id="Scheinwerfer_1" node="0>3|6" />
		<i3dMapping id="Scheinwerfer_2" node="0>3|7" />
		<i3dMapping id="Arbeitslicht_1" node="0>3|8" />
		<i3dMapping id="WorkLightLow" node="0>3|8|0" />
		<i3dMapping id="workLightHigh" node="0>3|8|1" />
		<i3dMapping id="workLightHigh1" node="0>3|8|1|0" />
		<i3dMapping id="pto" node="0>3|9" />
		<i3dMapping id="effects" node="0>3|10" />
		<i3dMapping id="effectNode" node="0>3|10|0" />
		<i3dMapping id="grainNorm" node="0>3|10|0|0" />
		<i3dMapping id="smokeNorm" node="0>3|10|0|1" />
		<i3dMapping id="particleNode" node="0>3|10|1" />
		<i3dMapping id="emittershape" node="0>3|10|1|0" />
		<i3dMapping id="Support" node="0>4" />
		<i3dMapping id="colli_0" node="0>4|0" />
		<i3dMapping id="ai" node="0>5" />
		<i3dMapping id="trailerTrigger_0" node="0>5|0" />
		<i3dMapping id="trailerTrigger_1" node="0>5|1" />
		<i3dMapping id="trailerTrigger_2" node="0>5|2" />
		<i3dMapping id="PickUpNode" node="0>6" />
		<i3dMapping id="colli_1" node="0>7" />
		<i3dMapping id="colli_2" node="0>7|0" />
		<i3dMapping id="tipTrigger" node="0>8" />
		<i3dMapping id="camera" node="1>" />
	</i3dMappings>
</vehicle>
