<?xml version="1.0" encoding="utf-8" standalone="no"?>
<modDesc descVersion="43">
    <author>chrisu70</author>
    <title>
        <en>Milling Machine</en>
        <de>Fräse</de>
    </title>
    <description>
        <en>
            <![CDATA[Price: 5.000€
With a Milling Machine you can safely loaded different Materials.
]]>
        </en>
        <de>
            <![CDATA[Preis: 5.000€
Mit einer Fräse kann man schnell verschiedene Materialien verladen.
]]>
        </de>
        <fr>
            <![CDATA[Prix: 5.000€
With a Milling Machine you can safely loaded different Materials.
]]>
        </fr>
    </description>
    <multiplayer supported="true"/>
    <iconFilename>icon.png</iconFilename>
    <version>1.0.0.0</version>
   
    <vehicleTypes>
        <type name="pickupConveyor" parent="baseFillable" className="Vehicle" filename="$dataS/scripts/vehicles/Vehicle.lua">
			<specialization name="dischargeable" />
			<specialization name="bunkerSiloInteractor" />
			<specialization name="shovel" />
			<specialization name="turnOnVehicle" />
			<specialization name="pipe" />
        </type>
    </vehicleTypes>
    <storeItems>
        <storeItem xmlFilename="Fraese.xml" rootNode="vehicle"/>
    </storeItems>
    <l10n>
        <text name="typeDesc_fräse">
            <de>Fräse</de>
            <en>Milling Machine</en>
        </text>
        <text name="turn_off_OBJECT">
            <de>Fräse Aus</de>
            <en>Milling Machine Off</en>
        </text>
        <text name="turn_on_OBJECT">
            <de>Fräse An</de>
            <en>Milling Machine On</en>
        </text>
        <text name="function_fraese">
            <de>Mit einer Fräse kann man schnell verschiedene Materialien verladen. Aber Vorsicht vor tieffliegenden Kartoffeln.</de>
            <en>With a Milling Machine you can safely loaded different Materials. But beware of deep-flying potatoes.</en>
        </text>
		<text name="configuration_FRAESE">
            <de>Fräse</de>
            <en>Milling</en>
        </text>
		<text name="configuration_WALZEN">
            <de>Walzen</de>
            <en>Rouler</en>
        </text>
		
    </l10n>
</modDesc>
