﻿<?xml version="1.0" encoding="utf-8" standalone="no" ?>
<modDesc descVersion="40">
	<author>Ls-Modcompany - kevink98</author>
    <version>1.0.0.0</version>
    <title>
        <de>Pferdehelfer</de>
        <en>HorseHelper</en>
    </title>
    <description>
        <de><![CDATA[Dieser Helfer hilf dir beim Ausreiten deiner Pferde. Um 23 Uhr sind somit deine Pferde zu 100% ausgeritten.]]></de>
		<en><![CDATA[This helper will help you to ride your horses. At 11 pm your horses are 100% ridden.]]></en>

    </description>
    <iconFilename>horseHelper.dds</iconFilename>
    <multiplayer supported="true"/>
	<extraSourceFiles>	
		<sourceFile filename="horseHelper.lua" /> 
	</extraSourceFiles>
</modDesc>